,precision,recall,f1-score,support
Books,0.6958243340532757,0.8128679562657696,0.7498060512024826,2378.0
Clothing & Accessories,0.698509485094851,0.5891428571428572,0.6391816491010539,1750.0
Electronics,0.5728061716489875,0.5706051873198847,0.5717035611164581,2082.0
Household,0.7069470322065478,0.6854193548387096,0.6960167714884696,3875.0
accuracy,0.6750619732275657,0.6750619732275657,0.6750619732275657,0.6750619732275657
macro avg,0.6685217557509154,0.6645088388918053,0.6641770082271161,10085.0
weighted avg,0.6751674828426617,0.6750619732275657,0.6731738700494431,10085.0
